City_ID,City,Lat,Lng,Max Temp,Humidity,Cloudiness,Wind Speed,Country,Date
0,Hasaki,35.73,140.83,73.4,78,75,11.41,JP,2020-11-20 00:53:12
1,Bluff,-46.6,168.33,63.0,87,99,4.0,NZ,2020-11-20 00:57:02
2,Vaini,-21.2,-175.2,80.6,78,75,10.29,TO,2020-11-20 00:57:02
3,Mataura,-46.19,168.86,63.0,87,100,4.0,NZ,2020-11-20 00:57:02
4,Busselton,-33.65,115.33,66.99,82,56,3.0,AU,2020-11-20 00:57:02
5,Lavrentiya,65.58,-171.0,27.16,97,100,9.78,RU,2020-11-20 00:57:03
6,Buraydah,26.33,43.98,68.0,68,0,11.41,SA,2020-11-20 00:57:03
7,Nikolskoye,59.7,30.79,45.0,75,90,13.42,RU,2020-11-20 00:57:03
8,Gogrial,8.53,28.1,75.65,43,51,3.91,SS,2020-11-20 00:57:03
9,Hurricane,37.18,-113.29,69.8,26,1,13.87,US,2020-11-20 00:57:03
10,Rikitea,-23.12,-134.97,71.78,76,2,14.7,PF,2020-11-20 00:57:03
11,Manitouwadge,49.12,-85.84,37.4,93,94,4.7,CA,2020-11-20 00:57:03
12,San Patricio,28.02,-97.52,73.4,64,20,10.29,US,2020-11-20 00:57:03
13,Mecca,21.43,39.83,73.4,87,0,1.9,SA,2020-11-20 00:52:55
14,Waingapu,-9.66,120.26,89.02,55,0,9.55,ID,2020-11-20 00:57:04
15,Ushuaia,-54.8,-68.3,50.0,71,75,13.87,AR,2020-11-20 00:52:43
16,Butaritari,3.07,172.79,82.69,78,49,15.93,KI,2020-11-20 00:57:04
17,Bandarbeyla,9.49,50.81,74.41,76,100,18.21,SO,2020-11-20 00:57:04
18,Berlevag,70.86,29.09,36.37,90,100,33.31,NO,2020-11-20 00:57:04
19,Saint-Georges,12.06,-61.75,82.4,78,20,11.41,GD,2020-11-20 00:57:04
20,Cape Town,-33.93,18.42,64.0,59,0,6.93,ZA,2020-11-20 00:56:39
21,Taltal,-25.4,-70.48,57.34,74,0,4.59,CL,2020-11-20 00:57:05
22,Punta Arenas,-53.15,-70.92,55.4,66,75,13.87,CL,2020-11-20 00:52:07
23,Arraial Do Cabo,-22.97,-42.03,72.28,88,100,24.99,BR,2020-11-20 00:57:05
24,Yar-Sale,66.83,70.83,20.53,97,100,18.48,RU,2020-11-20 00:57:05
25,Torbay,47.67,-52.73,30.0,53,90,23.04,CA,2020-11-20 00:57:05
26,Pitimbu,-7.47,-34.81,78.8,88,20,5.82,BR,2020-11-20 00:52:27
27,Florianopolis,-27.61,-48.5,71.01,77,75,5.82,BR,2020-11-20 00:57:05
28,Saint-Philippe,-21.36,55.77,69.8,56,75,8.05,RE,2020-11-20 00:57:06
29,Coruripe,-10.13,-36.18,78.42,79,98,15.14,BR,2020-11-20 00:57:06
30,Coquimbo,-29.95,-71.34,57.2,82,40,5.82,CL,2020-11-20 00:54:05
31,Usinsk,65.99,57.53,36.48,99,100,27.47,RU,2020-11-20 00:57:06
32,Port Alfred,-33.59,26.89,60.3,68,15,3.04,ZA,2020-11-20 00:57:06
33,Mar Del Plata,-38.0,-57.56,61.0,87,0,4.7,AR,2020-11-20 00:57:06
34,Lagoa,39.05,-27.98,59.45,75,5,16.15,PT,2020-11-20 00:57:06
35,Atuona,-9.8,-139.03,78.46,71,81,9.69,PF,2020-11-20 00:57:06
36,Bilibino,68.05,166.44,10.56,88,100,2.21,RU,2020-11-20 00:57:07
37,Cidreira,-30.18,-50.21,64.76,66,19,7.23,BR,2020-11-20 00:57:07
38,Mangrol,21.12,70.12,70.34,37,3,13.85,IN,2020-11-20 00:57:07
39,Novikovo,51.15,37.89,16.83,96,0,8.23,RU,2020-11-20 00:57:07
40,Visnes,59.36,5.22,39.99,69,47,21.92,NO,2020-11-20 00:57:07
41,Saint George,37.1,-113.58,69.8,21,1,1.43,US,2020-11-20 00:53:23
42,Culiacan,24.8,-107.39,91.4,33,5,6.93,MX,2020-11-20 00:54:45
43,Merauke,-8.47,140.33,87.28,66,95,9.8,ID,2020-11-20 00:57:07
44,Luderitz,-26.65,15.16,60.44,74,0,9.66,NA,2020-11-20 00:53:19
45,Airai,-8.93,125.41,77.0,48,93,3.53,TL,2020-11-20 00:57:08
46,Krasnoselkup,65.7,82.47,15.04,96,99,15.3,RU,2020-11-20 00:57:08
47,Poum,-20.23,164.02,78.13,66,0,14.0,NC,2020-11-20 00:57:08
48,Olafsvik,64.89,-23.71,35.31,92,100,20.38,IS,2020-11-20 00:57:08
49,Port Elizabeth,-33.92,25.57,51.8,93,75,3.36,ZA,2020-11-20 00:57:08
50,Kapaa,22.08,-159.32,80.6,78,90,14.99,US,2020-11-20 00:56:39
51,Tiznit,29.58,-9.5,66.15,36,100,8.1,MA,2020-11-20 00:57:08
52,Katherine,-14.47,132.27,91.4,46,20,4.7,AU,2020-11-20 00:57:08
53,Bathsheba,13.22,-59.52,80.6,78,40,20.8,BB,2020-11-20 00:57:09
54,New Norfolk,-42.78,147.06,68.0,42,100,3.0,AU,2020-11-20 00:53:45
55,Ozinki,51.18,49.68,17.64,83,9,8.52,RU,2020-11-20 00:57:09
56,Chuy,-33.7,-53.46,57.63,74,0,5.19,UY,2020-11-20 00:57:09
57,Chapais,49.78,-74.85,26.6,92,90,12.75,CA,2020-11-20 00:57:09
58,Monte Patria,-30.69,-70.95,53.31,73,0,1.9,CL,2020-11-20 00:55:53
59,Carupano,10.67,-63.26,78.31,85,6,13.06,VE,2020-11-20 00:57:10
60,Alofi,-19.06,-169.92,77.0,81,75,3.36,NU,2020-11-20 00:57:10
61,Poronaysk,49.22,143.12,24.49,82,100,11.7,RU,2020-11-20 00:57:10
62,Quballat,36.54,9.66,62.6,72,40,9.17,TN,2020-11-20 00:57:10
63,Albany,42.6,-73.97,42.01,55,75,17.22,US,2020-11-20 00:55:13
64,Nome,64.5,-165.41,21.2,79,90,20.8,US,2020-11-20 00:57:10
65,Hobart,-42.88,147.33,68.0,59,75,23.04,AU,2020-11-20 00:56:22
66,Tasiilaq,65.61,-37.64,28.4,74,100,23.04,GL,2020-11-20 00:57:11
67,Qaanaaq,77.48,-69.36,28.24,90,100,11.61,GL,2020-11-20 00:57:11
68,Touros,-5.2,-35.46,78.8,83,20,6.93,BR,2020-11-20 00:57:11
69,Praia,14.92,-23.51,77.0,83,0,17.22,CV,2020-11-20 00:57:11
70,Sao Jose Da Coroa Grande,-8.9,-35.15,78.17,82,93,10.42,BR,2020-11-20 00:57:12
71,Lebu,-37.62,-73.65,52.99,86,94,1.54,CL,2020-11-20 00:57:12
72,Hilo,19.73,-155.09,80.6,65,75,8.05,US,2020-11-20 00:52:39
73,Ambovombe,-25.17,46.08,68.85,89,18,7.2,MG,2020-11-20 00:57:13
74,Hirara,24.8,125.28,78.8,88,40,9.17,JP,2020-11-20 00:57:13
75,Ashland,40.82,-82.27,60.8,29,1,29.97,US,2020-11-20 00:57:13
76,Puerto Ayora,-0.74,-90.35,71.01,93,75,1.01,EC,2020-11-20 00:57:14
77,Faya,18.39,42.45,53.6,81,0,1.34,SA,2020-11-20 00:57:14
78,Vestmannaeyjar,63.44,-20.27,42.19,80,100,15.55,IS,2020-11-20 00:57:14
79,Bara,10.37,10.73,72.86,26,100,7.92,NG,2020-11-20 00:57:15
80,Fare,-16.7,-151.02,81.05,70,99,7.81,PF,2020-11-20 00:57:15
81,Hermanus,-34.42,19.23,60.01,82,0,4.0,ZA,2020-11-20 00:57:15
82,Xichang,27.9,102.26,50.16,63,0,1.25,CN,2020-11-20 00:54:14
83,Annau,37.89,58.52,24.8,49,40,6.93,TM,2020-11-20 00:57:15
84,Barrow,71.29,-156.79,21.2,92,90,13.87,US,2020-11-20 00:57:15
85,Yulara,-25.24,130.99,93.2,18,2,6.93,AU,2020-11-20 00:57:16
86,Hithadhoo,-0.6,73.08,81.23,73,99,6.35,MV,2020-11-20 00:57:16
87,Saurimo,-9.66,20.39,64.17,97,100,4.25,AO,2020-11-20 00:57:16
88,Kavieng,-2.57,150.8,84.07,74,100,8.9,PG,2020-11-20 00:57:16
89,Ajdabiya,30.76,20.23,62.28,79,35,9.06,LY,2020-11-20 00:57:16
90,Bethel,41.37,-73.41,42.8,48,1,9.17,US,2020-11-20 00:57:03
91,Tessalit,20.2,1.01,65.53,27,0,8.66,ML,2020-11-20 00:57:16
92,Kalakamati,-20.59,27.31,77.65,42,100,10.09,BW,2020-11-20 00:57:16
93,Narsaq,60.92,-46.05,30.2,92,100,4.68,GL,2020-11-20 00:57:17
94,Mount Gambier,-37.83,140.77,62.6,72,90,12.75,AU,2020-11-20 00:57:17
95,Moanda,-1.56,13.22,69.94,97,100,2.01,GA,2020-11-20 00:57:17
96,Santo Tomas,14.11,121.14,87.01,70,20,3.36,PH,2020-11-20 00:57:17
97,Turukhansk,65.82,87.98,9.36,95,100,14.0,RU,2020-11-20 00:57:17
98,Goundam,16.41,-3.67,75.04,20,0,9.24,ML,2020-11-20 00:57:17
99,Reconquista,-29.15,-59.65,68.74,61,0,11.5,AR,2020-11-20 00:57:17
100,Victoria,22.29,114.16,78.01,78,0,6.24,HK,2020-11-20 00:56:13
101,Katsuura,35.13,140.3,73.4,83,75,27.51,JP,2020-11-20 00:57:18
102,Srednekolymsk,67.45,153.68,4.35,94,100,9.17,RU,2020-11-20 00:57:18
103,Santa Maria,-29.68,-53.81,62.6,88,75,8.05,BR,2020-11-20 00:57:18
104,Boo,59.33,18.28,35.6,64,59,17.22,SE,2020-11-20 00:57:18
105,Vanimo,-2.67,141.3,85.69,66,100,3.29,PG,2020-11-20 00:57:18
106,Tual,-5.67,132.75,84.15,73,95,7.99,ID,2020-11-20 00:57:18
107,Jamestown,42.1,-79.24,55.4,30,1,17.22,US,2020-11-20 00:53:12
108,Nabire,-3.37,135.48,81.48,83,19,3.4,ID,2020-11-20 00:57:19
109,Timaru,-44.4,171.25,66.0,44,92,12.41,NZ,2020-11-20 00:57:19
110,Saldanha,-33.01,17.94,60.8,67,0,3.36,ZA,2020-11-20 00:57:19
111,Tabory,58.52,64.55,25.2,89,100,13.13,RU,2020-11-20 00:57:19
112,Longyearbyen,78.22,15.64,17.6,67,75,11.41,SJ,2020-11-20 00:54:37
113,Tall Kayf,37.08,41.07,52.45,56,100,5.84,TR,2020-11-20 00:57:20
114,Vardo,70.37,31.11,37.42,89,100,20.13,NO,2020-11-20 00:57:20
115,Andra,62.51,65.89,27.52,98,100,11.48,RU,2020-11-20 00:57:20
116,Tomigusuku,26.18,127.67,80.6,78,20,5.82,JP,2020-11-20 00:57:20
117,Los Algarrobos,8.5,-82.43,66.0,100,100,1.83,PA,2020-11-20 00:57:20
118,Adilcevaz,38.8,42.73,42.8,48,75,4.7,TR,2020-11-20 00:57:20
119,Isetskoye,56.49,65.32,20.57,91,97,13.98,RU,2020-11-20 00:57:20
120,Haines Junction,60.75,-137.51,-11.2,76,62,1.12,CA,2020-11-20 00:57:21
121,Avarua,-21.21,-159.78,80.6,78,23,9.17,CK,2020-11-20 00:57:21
122,Harper,4.38,-7.72,78.3,85,6,7.72,LR,2020-11-20 00:57:21
123,Nishihara,26.18,127.76,80.6,78,20,5.82,JP,2020-11-20 00:57:21
124,Georgetown,5.41,100.34,80.6,94,20,4.7,MY,2020-11-20 00:57:21
125,Lucapa,-8.42,20.74,66.43,99,100,5.03,AO,2020-11-20 00:57:21
126,Upernavik,72.79,-56.15,27.14,92,98,6.55,GL,2020-11-20 00:57:21
127,Erzin,36.96,36.2,60.01,61,100,11.99,TR,2020-11-20 00:57:21
128,Bengkulu,-3.8,102.27,79.27,81,100,3.56,ID,2020-11-20 00:57:22
129,Xifeng,42.74,124.72,19.72,93,97,7.52,CN,2020-11-20 00:56:11
130,Filadelfia,39.95,-75.16,46.99,49,75,14.99,US,2020-11-20 00:55:26
131,Geraldton,-28.77,114.6,73.4,60,40,13.87,AU,2020-11-20 00:57:22
132,Nyborg,55.31,10.79,43.0,70,32,13.87,DK,2020-11-20 00:57:22
133,Meulaboh,4.14,96.13,78.64,82,41,5.44,ID,2020-11-20 00:57:22
134,Tuktoyaktuk,69.45,-133.04,-0.4,84,20,8.05,CA,2020-11-20 00:57:22
135,Deputatskiy,69.3,139.9,-8.45,90,15,5.32,RU,2020-11-20 00:57:23
136,Pasighat,28.07,95.33,64.53,63,96,1.9,IN,2020-11-20 00:57:23
137,Karabuk,41.2,32.63,36.99,79,19,2.42,TR,2020-11-20 00:57:23
138,Dikson,73.51,80.55,17.55,97,100,24.23,RU,2020-11-20 00:57:23
139,Pisco,-13.7,-76.22,64.99,82,0,14.99,PE,2020-11-20 00:54:24
140,Port Moresby,-9.44,147.18,87.8,62,40,5.82,PG,2020-11-20 00:56:02
141,East London,-33.02,27.91,64.09,60,98,0.74,ZA,2020-11-20 00:57:23
142,Leh,34.17,77.58,16.57,75,87,2.75,IN,2020-11-20 00:57:23
143,Knysna,-34.04,23.05,55.4,87,0,8.05,ZA,2020-11-20 00:57:24
144,Kisangani,0.52,25.2,70.65,96,97,0.81,CD,2020-11-20 00:57:24
145,Faanui,-16.48,-151.75,80.22,74,100,8.7,PF,2020-11-20 00:57:24
146,Haapiti,-17.57,-149.87,84.2,70,75,10.29,PF,2020-11-20 00:57:24
147,Imeni Babushkina,59.76,43.13,36.14,83,100,15.95,RU,2020-11-20 00:57:24
148,Klaksvik,62.23,-6.59,37.4,67,90,14.99,FO,2020-11-20 00:57:24
149,Ribeira Grande,38.52,-28.7,59.61,69,0,11.48,PT,2020-11-20 00:57:24
150,Nador,35.17,-2.93,64.4,77,40,6.93,MA,2020-11-20 00:57:24
151,Tiarei,-17.53,-149.33,84.2,70,75,10.29,PF,2020-11-20 00:57:25
152,Vicuna,-30.03,-70.71,57.2,82,40,5.82,CL,2020-11-20 00:57:25
153,Kodiak,57.79,-152.41,37.4,93,90,8.55,US,2020-11-20 00:57:25
154,Svetlogorsk,52.63,29.73,35.76,85,100,15.64,BY,2020-11-20 00:57:25
155,Makakilo City,21.35,-158.09,86.0,48,20,6.93,US,2020-11-20 00:57:25
156,Bida,9.08,6.02,74.59,40,69,4.16,NG,2020-11-20 00:57:25
157,Katangli,51.71,143.23,19.72,89,100,9.69,RU,2020-11-20 00:57:25
158,Jumla,29.27,82.18,32.88,52,0,5.23,NP,2020-11-20 00:57:26
159,Havoysund,71.0,24.66,33.8,89,100,43.62,NO,2020-11-20 00:57:26
160,Carnarvon,-24.87,113.63,73.4,60,100,21.92,AU,2020-11-20 00:57:26
161,Avera,33.19,-82.53,50.0,61,1,3.36,US,2020-11-20 00:57:26
162,Saskylakh,71.92,114.08,17.85,95,100,12.46,RU,2020-11-20 00:57:27
163,Erdenet,49.03,104.08,7.27,91,99,3.13,MN,2020-11-20 00:57:27
164,Beringovskiy,63.05,179.32,34.52,87,100,8.77,RU,2020-11-20 00:57:27
165,Rochegda,62.8,43.25,43.77,78,100,15.23,RU,2020-11-20 00:57:28
166,Chimbote,-9.09,-78.58,64.06,84,99,5.53,PE,2020-11-20 00:54:27
167,Petropavlovsk-Kamchatskiy,53.05,158.65,33.8,37,0,13.42,RU,2020-11-20 00:57:28
168,Chokurdakh,70.63,147.92,-10.75,90,69,4.92,RU,2020-11-20 00:57:28
169,Dunedin,-45.87,170.5,63.0,65,100,7.0,NZ,2020-11-20 00:53:10
170,Kaitangata,-46.28,169.85,64.0,70,100,8.99,NZ,2020-11-20 00:57:30
171,San Lorenzo,-25.33,-57.53,75.2,53,0,2.24,PY,2020-11-20 00:52:37
172,Tiksi,71.69,128.87,2.7,88,100,20.58,RU,2020-11-20 00:57:30
173,Altamira,-3.2,-52.21,73.4,96,100,2.28,BR,2020-11-20 00:54:19
174,Kununurra,-15.77,128.73,91.4,52,0,5.82,AU,2020-11-20 00:57:30
175,Moba,33.23,105.02,39.51,74,100,3.76,CN,2020-11-20 00:57:30
176,Cedar City,37.68,-113.06,57.2,22,1,3.36,US,2020-11-20 00:57:31
177,Moron,-34.65,-58.62,64.99,66,0,7.0,AR,2020-11-20 00:57:31
178,Salalah,17.02,54.09,75.2,50,0,5.82,OM,2020-11-20 00:57:31
179,Sao Filipe,14.9,-24.5,78.93,70,41,7.56,CV,2020-11-20 00:57:31
180,Iqaluit,63.75,-68.51,0.0,70,5,17.22,CA,2020-11-20 00:57:31
181,Dzilam Gonzalez,21.28,-88.93,75.06,83,3,9.37,MX,2020-11-20 00:57:31
182,Alekseyevsk,57.84,108.35,8.13,93,100,6.24,RU,2020-11-20 00:57:31
183,Fortuna,40.6,-124.16,52.0,87,1,6.93,US,2020-11-20 00:57:31
184,Yakima,46.47,-120.67,48.99,57,20,9.17,US,2020-11-20 00:57:32
185,Tanout,14.97,8.89,66.04,27,0,11.79,NE,2020-11-20 00:57:32
186,Calbuco,-41.77,-73.13,55.4,87,0,8.05,CL,2020-11-20 00:57:32
187,Murray Bridge,-35.12,139.27,71.01,69,96,1.99,AU,2020-11-20 00:57:32
188,Thompson,55.74,-97.86,10.4,85,40,8.05,CA,2020-11-20 00:57:32
189,Honiara,-9.43,159.95,82.4,78,75,8.05,SB,2020-11-20 00:57:01
190,Zhangjiakou,40.81,114.88,28.02,82,0,3.76,CN,2020-11-20 00:57:32
191,Suplac,46.38,24.52,39.2,93,9,0.29,RO,2020-11-20 00:57:32
192,Wilmington,34.23,-77.94,51.01,70,1,3.36,US,2020-11-20 00:56:00
193,Yellowknife,62.46,-114.35,3.2,84,90,2.24,CA,2020-11-20 00:57:33
194,Kabinda,-6.13,24.48,67.08,95,61,2.35,CD,2020-11-20 00:57:33
195,Kifri,34.7,44.97,61.95,51,100,6.06,IQ,2020-11-20 00:57:33
196,Saint Anthony,45.02,-93.22,48.2,75,1,3.36,US,2020-11-20 00:56:33
197,Ginir,7.13,40.7,53.71,54,0,4.56,ET,2020-11-20 00:57:33
198,Yashkul,46.17,45.34,33.33,85,1,18.25,RU,2020-11-20 00:57:33
199,Esperance,-33.87,121.9,66.2,77,40,10.29,AU,2020-11-20 00:57:33
200,Aklavik,68.22,-135.01,-4.0,76,20,3.36,CA,2020-11-20 00:57:34
201,Mirnyy,62.54,113.96,-4.0,76,40,4.47,RU,2020-11-20 00:57:34
202,Cockburn Town,21.46,-71.14,81.16,77,78,22.86,TC,2020-11-20 00:57:34
203,Gimli,50.63,-96.99,26.6,68,100,6.93,CA,2020-11-20 00:57:34
204,Rocha,-34.48,-54.33,54.52,90,3,3.31,UY,2020-11-20 00:57:34
205,Bredasdorp,-34.53,20.04,53.6,87,0,3.36,ZA,2020-11-20 00:57:34
206,Codrington,-38.27,141.97,62.53,75,100,10.96,AU,2020-11-20 00:57:35
207,Mackay,-21.15,149.2,84.2,58,40,19.46,AU,2020-11-20 00:57:35
208,Ancud,-41.87,-73.82,55.0,87,0,11.41,CL,2020-11-20 00:57:35
209,Ardakan,32.31,54.02,44.6,52,0,6.93,IR,2020-11-20 00:53:35
210,Vallenar,-28.57,-70.76,54.72,70,1,2.73,CL,2020-11-20 00:57:35
211,Brigantine,39.41,-74.36,46.99,52,1,6.93,US,2020-11-20 00:54:51
212,Cayenne,4.93,-52.33,77.0,100,75,6.26,GF,2020-11-20 00:57:35
213,Eyl,7.98,49.82,74.98,67,94,13.18,SO,2020-11-20 00:57:35
214,Vrangel,42.73,133.08,34.47,89,100,8.66,RU,2020-11-20 00:57:35
215,Esso,55.93,158.7,15.1,90,99,8.97,RU,2020-11-20 00:57:36
216,Kloulklubed,7.04,134.26,84.2,74,75,8.05,PW,2020-11-20 00:57:36
217,Fort Nelson,58.81,-122.7,5.0,84,40,3.36,CA,2020-11-20 00:57:36
218,Willowmore,-33.29,23.49,50.23,88,23,8.88,ZA,2020-11-20 00:57:36
219,Milkovo,54.72,158.62,24.44,89,92,3.53,RU,2020-11-20 00:57:36
220,Vila Franca Do Campo,37.72,-25.43,60.8,87,40,19.46,PT,2020-11-20 00:57:36
221,Itaituba,-4.28,-55.98,77.74,84,99,2.24,BR,2020-11-20 00:57:36
222,Burla,21.5,83.87,72.91,69,47,0.94,IN,2020-11-20 00:57:37
223,Nova Olimpia,-14.8,-57.29,71.76,78,0,2.01,BR,2020-11-20 00:57:37
224,Tianpeng,30.99,103.94,61.0,1,100,1.79,CN,2020-11-20 00:57:37
225,Naze,28.37,129.48,78.8,78,75,14.99,JP,2020-11-20 00:57:37
226,Belaya Gora,68.53,146.42,-5.15,88,100,3.22,RU,2020-11-20 00:57:37
227,Namibe,-15.2,12.15,68.05,69,77,7.7,AO,2020-11-20 00:57:37
228,Mahebourg,-20.41,57.7,69.8,100,75,8.34,MU,2020-11-20 00:57:37
229,Sao Joao Da Barra,-21.64,-41.05,74.5,91,99,21.23,BR,2020-11-20 00:57:37
230,Umm Kaddadah,13.6,26.69,71.98,24,0,13.78,SD,2020-11-20 00:57:38
231,Lorengau,-2.02,147.27,84.88,72,100,5.17,PG,2020-11-20 00:57:38
232,Henties Bay,-22.12,14.28,57.0,89,11,5.01,NA,2020-11-20 00:57:38
233,Rundu,-17.93,19.77,72.32,74,100,1.79,NA,2020-11-20 00:57:38
234,Voh,-20.97,164.7,83.88,51,14,8.7,NC,2020-11-20 00:57:38
235,Dingle,11.0,122.67,83.53,79,3,9.33,PH,2020-11-20 00:57:38
236,Isla Mujeres,21.23,-86.73,80.6,69,75,11.41,MX,2020-11-20 00:55:08
237,Asau,46.43,26.4,34.0,40,39,4.59,RO,2020-11-20 00:57:39
238,Sola,-13.88,167.55,84.2,83,90,5.82,VU,2020-11-20 00:57:39
239,Varazdin,46.3,16.34,41.0,94,100,1.99,HR,2020-11-20 00:54:11
240,Mantua,45.17,10.78,43.0,78,40,3.36,IT,2020-11-20 00:57:39
241,Artyom,40.47,50.33,42.8,70,0,9.17,AZ,2020-11-20 00:57:39
242,Adre,13.47,22.2,66.83,29,0,9.04,TD,2020-11-20 00:57:39
243,Hambantota,6.12,81.12,73.4,100,20,1.12,LK,2020-11-20 00:57:39
244,Aksarka,66.56,67.8,24.15,97,100,17.0,RU,2020-11-20 00:57:40
245,Batagay,67.63,134.63,-13.67,87,8,4.12,RU,2020-11-20 00:57:40
246,Manavalakurichi,8.13,77.3,78.8,83,20,8.39,IN,2020-11-20 00:57:40
247,Lerwick,60.15,-1.15,35.6,74,89,5.82,GB,2020-11-20 00:57:40
248,Batman,37.89,41.13,41.0,86,0,3.47,TR,2020-11-20 00:57:40
249,Raudeberg,61.99,5.14,39.2,60,100,19.46,NO,2020-11-20 00:57:40
250,Adolfo Lopez Mateos,28.47,-107.3,54.0,54,0,8.81,MX,2020-11-20 00:57:40
251,Dallas,32.77,-96.78,72.0,53,1,10.29,US,2020-11-20 00:57:41
252,Shanhetun,44.7,127.2,18.81,95,100,9.8,CN,2020-11-20 00:57:41
253,Suarez,2.95,-76.7,67.55,82,99,2.59,CO,2020-11-20 00:57:41
254,Yabrud,33.97,36.66,51.8,66,40,11.41,SY,2020-11-20 00:57:42
255,Pachino,36.72,15.09,54.0,100,0,2.24,IT,2020-11-20 00:57:43
256,Hailar,49.2,119.7,14.9,88,100,5.84,CN,2020-11-20 00:57:43
257,Rockport,28.02,-97.05,72.0,78,1,5.82,US,2020-11-20 00:53:03
258,Aripuana,-9.17,-60.63,73.9,97,62,4.5,BR,2020-11-20 00:57:43
259,Porto Walter,-8.27,-72.74,75.97,86,63,0.94,BR,2020-11-20 00:57:44
260,Benguela,-12.58,13.41,74.25,80,98,4.21,AO,2020-11-20 00:57:44
261,Castro,-24.79,-50.01,53.31,97,36,8.3,BR,2020-11-20 00:57:45
262,Clyde River,70.47,-68.59,14.0,92,90,11.41,CA,2020-11-20 00:57:45
263,Manokwari,-0.87,134.08,84.81,67,5,6.08,ID,2020-11-20 00:57:45
264,Russell,32.35,-85.2,57.2,81,1,5.06,US,2020-11-20 00:57:45
265,Seabra,-12.42,-41.77,68.59,90,100,2.51,BR,2020-11-20 00:57:45
266,Impfondo,1.64,18.07,72.9,80,82,1.99,CG,2020-11-20 00:57:45
267,Marsh Harbour,26.54,-77.06,73.85,75,85,29.19,BS,2020-11-20 00:57:45
268,Bud,39.45,-86.18,60.8,30,1,13.87,US,2020-11-20 00:57:46
269,Stornoway,58.21,-6.39,45.0,81,85,20.8,GB,2020-11-20 00:57:46
270,Capinota,-17.72,-66.23,68.0,40,75,11.41,BO,2020-11-20 00:57:46
271,Effingham,32.37,-81.33,57.2,67,40,8.05,US,2020-11-20 00:57:46
272,Severo-Kurilsk,50.68,156.12,33.04,90,100,11.14,RU,2020-11-20 00:57:46
273,Nanortalik,60.14,-45.24,31.37,97,100,11.99,GL,2020-11-20 00:57:47
274,Idritsa,56.33,28.9,45.43,81,100,11.9,RU,2020-11-20 00:57:47
275,Fortaleza,-3.72,-38.52,82.4,78,20,9.17,BR,2020-11-20 00:55:29
276,Les Cayes,18.2,-73.75,77.79,80,92,4.36,HT,2020-11-20 00:57:47
277,Souillac,-20.52,57.52,69.8,100,75,6.85,MU,2020-11-20 00:57:47
278,Barcelona,41.39,2.16,60.01,76,75,11.41,ES,2020-11-20 00:53:51
279,Hualmay,-11.1,-77.61,64.78,82,57,6.98,PE,2020-11-20 00:57:47
280,Gayeri,12.65,0.49,71.98,26,0,7.67,BF,2020-11-20 00:57:47
281,Pevek,69.7,170.31,16.43,97,100,2.53,RU,2020-11-20 00:57:48
282,Salinopolis,-0.61,-47.36,79.9,84,100,6.42,BR,2020-11-20 00:57:48
283,Sovetskiy,61.36,63.58,28.85,95,100,14.07,RU,2020-11-20 00:57:48
284,Pakdasht,35.48,51.68,48.2,49,75,4.0,IR,2020-11-20 00:57:48
285,Noumea,-22.28,166.46,86.0,48,20,14.99,NC,2020-11-20 00:57:48
286,Naica,27.85,-105.48,67.26,38,0,5.61,MX,2020-11-20 00:57:48
287,Castro-Urdiales,43.38,-3.22,51.8,93,75,1.12,ES,2020-11-20 00:57:48
288,Kichera,55.94,110.1,1.36,78,100,1.66,RU,2020-11-20 00:57:49
289,Ocampo,21.65,-101.5,50.58,49,0,10.92,MX,2020-11-20 00:57:49
290,Teeli,51.03,90.23,1.35,79,80,1.5,RU,2020-11-20 00:57:49
291,Jishou,28.32,109.72,55.51,69,100,2.68,CN,2020-11-20 00:57:49
292,Zyryanovsk,49.74,84.27,0.36,85,0,0.29,KZ,2020-11-20 00:57:49
293,Tolaga Bay,-38.37,178.3,64.2,41,0,13.98,NZ,2020-11-20 00:57:49
294,Birjand,32.87,59.22,30.2,58,0,6.93,IR,2020-11-20 00:57:49
295,Along,28.17,94.77,57.87,81,100,1.68,IN,2020-11-20 00:57:50
296,Aguas Vermelhas,-15.75,-41.46,67.35,96,100,4.92,BR,2020-11-20 00:57:50
297,Kazerun,29.62,51.65,59.09,36,72,2.98,IR,2020-11-20 00:57:50
298,Lapua,62.97,23.01,26.01,91,0,1.99,FI,2020-11-20 00:57:50
299,Lyuban,52.8,28.0,41.41,87,100,14.99,BY,2020-11-20 00:57:50
300,Norman Wells,65.28,-126.83,-13.0,75,5,3.36,CA,2020-11-20 00:57:50
301,Hunfeld,50.68,9.77,35.01,97,0,5.55,DE,2020-11-20 00:55:10
302,Provideniya,64.38,-173.3,32.0,98,90,15.66,RU,2020-11-20 00:57:51
303,Nantucket,41.28,-70.1,51.8,71,75,24.16,US,2020-11-20 00:54:41
304,Constitucion,-35.33,-72.42,54.07,82,100,4.0,CL,2020-11-20 00:57:51
305,Portland,45.52,-122.68,48.99,88,98,3.0,US,2020-11-20 00:55:57
306,Gazojak,41.19,61.4,16.05,75,0,9.82,TM,2020-11-20 00:57:51
307,Panzhihua,26.59,101.71,54.95,58,0,0.78,CN,2020-11-20 00:57:51
308,Salamiyah,35.01,37.05,55.69,51,0,10.76,SY,2020-11-20 00:57:51
309,Sitka,57.05,-135.33,39.2,60,90,13.87,US,2020-11-20 00:57:51
310,Mitu,1.2,-70.17,74.82,96,100,1.95,CO,2020-11-20 00:53:20
311,Kentau,43.52,68.51,15.51,87,98,6.6,KZ,2020-11-20 00:57:52
312,Burdur,37.72,30.29,42.8,93,75,6.93,TR,2020-11-20 00:57:52
313,Tuatapere,-46.13,167.68,63.0,87,100,4.0,NZ,2020-11-20 00:57:52
314,Pacasmayo,-7.4,-79.57,64.94,82,98,9.06,PE,2020-11-20 00:57:52
315,Vao,-22.67,167.48,73.83,74,32,16.42,NC,2020-11-20 00:57:52
316,Nouadhibou,20.93,-17.03,71.6,73,0,13.87,MR,2020-11-20 00:57:52
317,Asfi,32.3,-9.24,67.68,70,100,1.12,MA,2020-11-20 00:57:52
318,Bousso,10.48,16.71,74.48,27,0,7.2,TD,2020-11-20 00:57:52
319,Jaisalmer,26.91,70.92,57.07,37,0,4.38,IN,2020-11-20 00:57:53
320,Kayerkan,69.35,87.76,12.2,85,90,22.37,RU,2020-11-20 00:57:53
321,Amilly,47.97,2.77,43.0,93,28,6.17,FR,2020-11-20 00:57:53
322,Paka,4.64,103.44,77.0,100,40,2.24,MY,2020-11-20 00:57:53
323,San Cristobal,7.77,-72.22,66.85,87,27,1.34,VE,2020-11-20 00:57:10
324,Miri,4.41,114.01,78.8,94,20,3.36,MY,2020-11-20 00:57:40
325,Wajir,1.75,40.06,78.13,71,17,10.8,KE,2020-11-20 00:57:53
326,Kapoeta,4.77,33.59,82.11,43,89,5.59,SS,2020-11-20 00:57:53
327,Brae,60.4,-1.35,35.6,74,81,5.82,GB,2020-11-20 00:57:54
328,Capao Da Canoa,-29.75,-50.01,65.07,64,19,5.73,BR,2020-11-20 00:57:54
329,Elko,41.0,-115.5,44.6,36,1,5.82,US,2020-11-20 00:57:54
330,Lewiston,44.1,-70.21,37.0,63,1,9.48,US,2020-11-20 00:57:54
331,Agadez,19.75,10.25,60.69,34,3,12.75,NE,2020-11-20 00:57:54
332,Ornskoldsvik,63.29,18.72,26.6,92,100,12.75,SE,2020-11-20 00:57:54
333,Ushumun,52.78,126.53,11.8,92,100,1.54,RU,2020-11-20 00:57:54
334,Nhulunbuy,-12.23,136.77,84.2,70,75,12.95,AU,2020-11-20 00:57:55
335,Cherskiy,68.75,161.3,5.0,95,84,3.49,RU,2020-11-20 00:57:55
336,Ilulissat,69.22,-51.1,28.4,68,100,8.05,GL,2020-11-20 00:57:55
337,Ornes,66.87,13.71,37.4,64,40,25.28,NO,2020-11-20 00:57:55
338,Mezen,65.85,44.24,43.92,77,72,18.54,RU,2020-11-20 00:57:55
339,San Quintin,30.48,-115.95,67.95,66,85,13.73,MX,2020-11-20 00:57:55
340,Verkhoyansk,67.54,133.38,-13.5,84,71,3.38,RU,2020-11-20 00:57:55
341,Perth,-31.93,115.83,73.0,64,20,4.7,AU,2020-11-20 00:53:54
342,Kalemie,-5.95,29.19,69.15,79,0,2.17,CD,2020-11-20 00:57:56
343,Puerto Narino,-3.77,-70.38,77.0,100,40,2.24,CO,2020-11-20 00:57:56
344,Gwalior,26.22,78.18,59.7,38,0,5.53,IN,2020-11-20 00:57:56
345,Revda,56.8,59.93,24.8,53,0,11.18,RU,2020-11-20 00:57:57
346,Khatanga,71.97,102.5,15.35,96,100,15.7,RU,2020-11-20 00:57:57
347,Furstenwalde,52.37,14.07,41.0,67,28,10.38,DE,2020-11-20 00:57:03
348,Vila Velha,-20.33,-40.29,82.0,88,20,16.11,BR,2020-11-20 00:57:58
349,Kodinsk,58.69,99.18,12.45,94,100,6.55,RU,2020-11-20 00:57:59
350,Sturgis,41.8,-85.42,57.99,35,1,16.11,US,2020-11-20 00:57:59
351,Sangar,63.92,127.47,-12.73,89,100,4.85,RU,2020-11-20 00:57:59
352,Ponto Novo,-10.86,-40.13,71.49,93,100,6.71,BR,2020-11-20 00:58:00
353,Kavaratti,10.57,72.64,82.22,78,90,10.69,IN,2020-11-20 00:58:00
354,Isangel,-19.55,169.27,84.2,62,75,5.82,VU,2020-11-20 00:58:00
355,Yerbogachen,61.28,108.01,-0.8,92,96,8.5,RU,2020-11-20 00:58:00
356,Vavozh,56.78,51.93,25.72,90,97,15.5,RU,2020-11-20 00:58:00
357,Williams Lake,52.14,-122.14,21.2,92,90,11.41,CA,2020-11-20 00:58:00
358,Maningrida,-12.07,134.27,91.27,51,0,11.5,AU,2020-11-20 00:58:00
359,Tura,25.52,90.22,63.23,89,17,1.81,IN,2020-11-20 00:58:01
360,Kuryk,43.2,51.65,27.07,76,0,20.54,KZ,2020-11-20 00:58:01
361,Esmeraldas,-19.76,-44.31,71.6,88,0,9.17,BR,2020-11-20 00:58:01
362,Fairbanks,64.84,-147.72,7.0,69,20,2.04,US,2020-11-20 00:58:01
363,Havre-Saint-Pierre,50.23,-63.6,23.0,67,90,3.36,CA,2020-11-20 00:58:01
364,Bozova,37.36,38.53,48.2,76,75,4.7,TR,2020-11-20 00:58:01
365,Progreso,21.28,-89.67,77.0,78,75,12.75,MX,2020-11-20 00:58:02
366,Talnakh,69.49,88.4,12.2,85,90,22.37,RU,2020-11-20 00:58:02
367,Greensboro,36.07,-79.79,41.0,99,0,4.65,US,2020-11-20 00:54:10
368,Liepaja,56.54,21.04,42.8,52,0,14.99,LV,2020-11-20 00:58:02
369,Ivanteyevka,55.97,37.92,33.8,86,90,22.37,RU,2020-11-20 00:58:02
370,Vanderhoof,54.02,-124.02,9.14,94,75,2.68,CA,2020-11-20 00:58:02
371,Maralal,1.1,36.7,57.45,90,24,4.52,KE,2020-11-20 00:58:02
372,Nanning,22.82,108.32,68.0,94,90,2.24,CN,2020-11-20 00:58:02
373,Taoudenni,22.68,-3.98,69.24,36,0,19.22,ML,2020-11-20 00:58:03
374,Korla,41.76,86.15,27.48,83,98,3.42,CN,2020-11-20 00:58:03
375,Sisimiut,66.94,-53.67,28.96,97,100,6.78,GL,2020-11-20 00:58:03
376,Quatre Cocos,-20.21,57.76,71.01,100,75,9.6,MU,2020-11-20 00:58:03
377,Niquero,20.04,-77.58,77.63,82,7,21.99,CU,2020-11-20 00:58:03
378,Balikpapan,-1.27,116.83,84.2,79,20,4.7,ID,2020-11-20 00:58:03
379,Huarmey,-10.07,-78.15,65.53,79,100,6.04,PE,2020-11-20 00:58:03
380,Yatou,37.15,122.38,40.8,69,0,22.37,CN,2020-11-20 00:58:04
381,Paamiut,61.99,-49.67,31.46,94,77,6.04,GL,2020-11-20 00:58:04
382,Niwari,28.88,77.53,53.6,81,0,5.82,IN,2020-11-20 00:58:04
383,Kitgum,3.28,32.89,68.18,77,0,1.99,UG,2020-11-20 00:58:04
384,Ostrovnoy,68.05,39.51,37.85,89,85,21.85,RU,2020-11-20 00:58:04
385,Ambagarh Chauki,20.78,80.72,66.74,78,0,2.26,IN,2020-11-20 00:58:04
386,Ayan,56.45,138.17,14.29,86,77,14.72,RU,2020-11-20 00:58:04
387,Bikaner,28.02,73.3,56.26,36,0,4.94,IN,2020-11-20 00:58:04
388,Calabozo,8.92,-67.43,75.79,91,1,5.91,VE,2020-11-20 00:57:12
389,Cabo San Lucas,22.89,-109.91,84.2,42,5,4.7,MX,2020-11-20 00:54:52
390,Lompoc,34.64,-120.46,69.8,40,1,11.41,US,2020-11-20 00:58:05
391,Kousseri,12.08,15.03,68.0,49,0,3.36,CM,2020-11-20 00:58:05
392,Kantang,7.41,99.52,82.0,100,20,3.42,TH,2020-11-20 00:58:05
393,Kitui,-1.37,38.01,64.89,94,57,2.68,KE,2020-11-20 00:58:05
394,Bonavista,48.65,-53.11,28.0,62,89,9.17,CA,2020-11-20 00:53:52
395,Pyapon,16.28,95.68,70.29,88,100,7.58,MM,2020-11-20 00:58:06
396,Bijar,35.87,47.61,32.86,95,100,4.83,IR,2020-11-20 00:58:06
397,Monrovia,6.3,-10.8,77.0,94,75,6.13,LR,2020-11-20 00:58:06
398,Te Anau,-45.42,167.72,64.63,47,96,9.06,NZ,2020-11-20 00:58:06
399,Mogzon,51.74,111.96,3.9,88,2,10.0,RU,2020-11-20 00:58:06
400,Tromso,69.65,18.96,33.8,86,90,50.55,NO,2020-11-20 00:58:06
401,Champerico,14.3,-91.92,77.0,94,90,6.93,GT,2020-11-20 00:58:06
402,Vostok,46.49,135.88,22.6,98,100,5.53,RU,2020-11-20 00:58:07
403,Floro,61.6,5.03,39.2,60,99,19.46,NO,2020-11-20 00:58:07
404,Bangassou,4.74,22.82,70.2,75,100,1.48,CF,2020-11-20 00:58:07
405,Neuquen,-38.95,-68.06,86.0,23,40,8.05,AR,2020-11-20 00:58:07
406,Canto Do Buriti,-8.11,-42.94,73.44,90,100,5.12,BR,2020-11-20 00:58:07
407,Guerrero Negro,27.98,-114.06,69.03,71,32,12.28,MX,2020-11-20 00:58:07
408,Urumqi,43.8,87.6,19.4,85,75,3.47,CN,2020-11-20 00:58:07
409,Beba,22.44,-79.73,75.2,88,75,13.87,CU,2020-11-20 00:58:07
410,Newport,51.59,-3.0,39.99,90,100,5.84,GB,2020-11-20 00:56:58
411,Karachi,24.91,67.08,64.4,52,0,8.61,PK,2020-11-20 00:56:36
412,Vila,42.03,-8.16,48.0,93,96,3.0,PT,2020-11-20 00:55:31
413,Abashiri,44.02,144.27,48.2,93,75,4.7,JP,2020-11-20 00:58:08
414,Totness,5.88,-56.32,77.77,87,99,9.86,SR,2020-11-20 00:58:08
415,Lakes Entrance,-37.88,147.98,82.99,35,1,4.0,AU,2020-11-20 00:58:08
416,Babu,24.42,111.52,72.36,73,58,3.65,CN,2020-11-20 00:58:08
417,Pauini,-7.71,-66.98,75.11,96,100,1.99,BR,2020-11-20 00:55:08
418,Kozan,37.46,35.82,60.8,51,75,12.75,TR,2020-11-20 00:58:09
419,Gat,31.61,34.76,63.0,100,0,4.41,IL,2020-11-20 00:58:09
420,Oktyabrskiy,54.48,53.47,16.54,89,4,14.14,RU,2020-11-20 00:58:09
421,Mmabatho,-25.85,25.63,71.6,43,48,9.17,ZA,2020-11-20 00:58:09
422,Surt,31.21,16.59,67.19,75,0,13.98,LY,2020-11-20 00:58:09
423,Hofn,64.25,-15.21,38.19,95,100,11.05,IS,2020-11-20 00:58:09
424,Mglin,53.06,32.85,30.09,95,43,18.81,RU,2020-11-20 00:58:09
425,Sinnamary,5.38,-52.95,76.01,88,100,6.51,GF,2020-11-20 00:58:09
426,Udagamandalam,11.4,76.7,73.4,94,20,1.72,IN,2020-11-20 00:58:10
427,Prado,-17.34,-39.22,75.99,91,100,11.52,BR,2020-11-20 00:58:10
428,Antalaha,-14.9,50.28,68.43,85,6,6.11,MG,2020-11-20 00:58:10
429,Burgeo,47.62,-57.62,30.15,90,92,17.98,CA,2020-11-20 00:58:10
430,Diamantino,-14.41,-56.45,70.68,83,100,0.72,BR,2020-11-20 00:58:10
431,Mohacs,45.99,18.68,44.6,93,90,10.29,HU,2020-11-20 00:58:10
432,Jiblah,13.92,44.15,53.04,47,0,2.93,YE,2020-11-20 00:58:10
433,Dauphin,51.15,-100.05,23.0,96,90,5.5,CA,2020-11-20 00:58:10
434,Ha Giang,22.83,104.98,75.56,81,40,1.74,VN,2020-11-20 00:58:11
435,Williamsburg,37.27,-76.71,50.0,65,1,7.27,US,2020-11-20 00:58:11
436,Socorro,31.65,-106.3,80.6,18,5,5.01,US,2020-11-20 00:58:11
437,Aguimes,27.91,-15.45,69.8,83,75,14.99,ES,2020-11-20 00:58:11
438,La Ronge,55.1,-105.28,14.0,72,94,8.05,CA,2020-11-20 00:58:12
439,Redlands,34.06,-117.18,73.4,31,20,3.36,US,2020-11-20 00:57:25
440,Bahia Blanca,-38.72,-62.27,71.69,35,0,13.71,AR,2020-11-20 00:58:12
441,Mirador,-6.37,-44.36,71.98,95,100,0.81,BR,2020-11-20 00:58:13
442,Acarau,-2.89,-40.12,79.5,81,33,14.18,BR,2020-11-20 00:58:13
443,Rabo De Peixe,37.8,-25.58,60.8,87,40,19.46,PT,2020-11-20 00:58:13
444,Marsa Matruh,31.35,27.25,59.0,82,40,8.05,EG,2020-11-20 00:58:13
445,Coihaique,-45.58,-72.07,68.0,49,0,3.36,CL,2020-11-20 00:57:22
446,Dhaulpur,26.7,77.9,59.05,35,0,5.26,IN,2020-11-20 00:58:14
447,Ponta Delgada,37.73,-25.67,60.8,87,40,19.46,PT,2020-11-20 00:58:14
448,Media Luna,20.14,-77.44,77.49,82,33,21.9,CU,2020-11-20 00:58:15
449,Mogadishu,2.04,45.34,78.85,84,11,10.89,SO,2020-11-20 00:58:15
450,Jasper,37.2,-94.35,66.99,48,1,17.22,US,2020-11-20 00:58:15
451,Marogong,7.67,124.15,82.02,67,75,0.89,PH,2020-11-20 00:58:15
452,Dubbo,-32.25,148.62,91.4,29,53,16.11,AU,2020-11-20 00:58:15
453,Yeppoon,-23.13,150.73,80.6,69,75,6.93,AU,2020-11-20 00:58:16
454,Mosquera,4.71,-74.23,57.2,93,75,4.7,CO,2020-11-20 00:57:06
455,Kilindoni,-7.91,39.67,80.24,82,0,11.65,TZ,2020-11-20 00:58:16
456,Biltine,14.53,20.92,71.02,24,45,9.89,TD,2020-11-20 00:58:16
457,Manaus,-3.1,-60.02,82.4,78,0,4.7,BR,2020-11-20 00:53:41
458,Sur,22.57,59.53,74.82,66,0,10.02,OM,2020-11-20 00:58:16
459,Anadyr,64.75,177.48,32.0,97,40,6.71,RU,2020-11-20 00:58:16
460,Tambun,-6.26,107.07,88.0,83,20,8.05,ID,2020-11-20 00:58:16
461,Lianran,24.92,102.48,54.0,100,0,13.42,CN,2020-11-20 00:58:16
462,Molango,20.78,-98.72,49.53,100,68,2.51,MX,2020-11-20 00:58:17
463,Sukhothai,17.25,99.67,73.4,88,20,2.24,TH,2020-11-20 00:58:17
464,Tahe,52.33,124.73,18.14,81,100,3.24,CN,2020-11-20 00:58:17
465,Komono,35.0,136.52,69.01,88,75,9.17,JP,2020-11-20 00:58:17
466,Roald,62.58,6.13,37.4,69,99,12.75,NO,2020-11-20 00:58:17
467,Kozhva,65.11,57.05,37.11,88,100,16.51,RU,2020-11-20 00:58:18
468,Rio Gallegos,-51.62,-69.22,64.4,36,0,18.34,AR,2020-11-20 00:56:29
469,Mayo,38.89,-76.51,50.0,49,1,6.93,US,2020-11-20 00:58:18
470,Boa Vista,2.82,-60.67,82.4,69,0,4.7,BR,2020-11-20 00:55:10
471,Nieves,15.33,120.95,84.2,70,75,9.17,PH,2020-11-20 00:58:18
472,Half Moon Bay,37.46,-122.43,57.99,81,1,11.41,US,2020-11-20 00:54:23
473,Pancas,-19.23,-40.85,73.62,94,100,2.37,BR,2020-11-20 00:58:18
474,Atar,20.52,-13.05,74.79,22,10,10.63,MR,2020-11-20 00:58:18
475,Rincon,32.3,-81.24,57.2,67,40,8.05,US,2020-11-20 00:58:19
476,Xinmin,41.99,122.83,24.8,62,90,4.47,CN,2020-11-20 00:58:19
477,Altay,47.87,88.12,4.53,64,0,4.0,CN,2020-11-20 00:58:19
478,Westport,41.14,-73.36,48.2,49,1,20.8,US,2020-11-20 00:56:07
479,Madison,34.73,-86.57,55.4,35,1,5.82,US,2020-11-20 00:57:32
480,Antonina,-25.43,-48.71,57.2,93,90,8.05,BR,2020-11-20 00:58:19
481,La Orilla,17.98,-102.23,78.76,78,0,2.73,MX,2020-11-20 00:58:19
482,Kruisfontein,-34.0,24.73,51.01,96,0,3.58,ZA,2020-11-20 00:58:19
483,Sept-Iles,50.2,-66.38,21.99,85,90,4.7,CA,2020-11-20 00:58:20
484,Constantine,36.37,6.61,50.0,81,40,2.24,DZ,2020-11-20 00:58:20
485,Shingu,33.73,135.98,71.6,88,75,14.99,JP,2020-11-20 00:58:20
486,Necochea,-38.55,-58.74,57.0,76,0,8.01,AR,2020-11-20 00:58:20
487,Hami,42.8,93.45,24.67,81,100,10.49,CN,2020-11-20 00:58:20
488,Ponta Do Sol,32.67,-17.1,66.2,72,40,14.99,PT,2020-11-20 00:58:20
489,Aleksandrov Gay,50.15,48.57,18.39,76,0,7.23,RU,2020-11-20 00:58:20
490,Leningradskiy,69.38,178.42,26.87,98,100,2.1,RU,2020-11-20 00:58:21
491,Oussouye,12.48,-16.55,71.6,83,0,2.24,SN,2020-11-20 00:58:21
492,Caravelas,-17.71,-39.25,75.83,91,100,9.13,BR,2020-11-20 00:58:21
493,Ihtiman,42.43,23.82,37.0,83,24,3.0,BG,2020-11-20 00:58:21
494,Komsomolskiy,40.43,71.72,17.6,67,0,4.7,UZ,2020-11-20 00:58:21
495,Saint-Pierre,-21.34,55.48,69.8,56,75,8.05,RE,2020-11-20 00:58:21
496,Indramayu,-6.33,108.32,85.5,66,100,7.25,ID,2020-11-20 00:58:12
497,Lokosovo,61.13,74.82,17.49,94,100,13.24,RU,2020-11-20 00:58:22
498,Viedma,-40.81,-63.0,71.01,53,0,1.99,AR,2020-11-20 00:58:22
499,Lasa,46.62,10.7,39.99,74,90,6.93,IT,2020-11-20 00:58:22
500,Mananjary,-21.22,48.33,70.47,83,57,7.45,MG,2020-11-20 00:58:22
501,Juba,4.85,31.58,76.93,60,1,1.74,SS,2020-11-20 00:58:22
502,Hamilton,39.18,-84.53,59.0,30,1,13.87,US,2020-11-20 00:58:22
503,Kahului,20.89,-156.47,82.4,58,40,19.46,US,2020-11-20 00:54:30
504,Katobu,-4.94,122.53,90.0,51,21,1.66,ID,2020-11-20 00:58:22
505,Aden,12.78,45.04,78.44,69,100,10.29,YE,2020-11-20 00:55:29
506,Niteroi,-22.88,-43.1,73.0,94,90,19.46,BR,2020-11-20 00:58:23
507,Rongcheng,30.63,117.85,58.93,77,63,7.0,CN,2020-11-20 00:58:23
508,Basoko,1.24,23.62,71.85,93,90,0.81,CD,2020-11-20 00:58:23
509,Alice Springs,-23.7,133.88,95.0,12,75,1.12,AU,2020-11-20 00:55:40
510,Bocaiuva,-17.11,-43.81,69.8,100,40,4.7,BR,2020-11-20 00:58:23
511,Suntar,62.14,117.63,-3.8,90,87,6.89,RU,2020-11-20 00:58:23
512,Ilo,-17.64,-71.34,63.19,78,4,4.74,PE,2020-11-20 00:58:23
513,Ahipara,-35.17,173.17,65.41,53,98,8.7,NZ,2020-11-20 00:58:24
514,Zavetnoye,47.12,43.89,27.86,92,0,16.78,RU,2020-11-20 00:58:24
515,Guaraciaba Do Norte,-4.17,-40.75,72.55,79,100,5.5,BR,2020-11-20 00:58:24
516,Salta,-24.79,-65.41,69.8,46,90,6.93,AR,2020-11-20 00:58:24
517,Kyra,49.58,111.98,12.52,77,100,14.05,RU,2020-11-20 00:58:24
518,Kailua,21.4,-157.74,80.6,61,75,16.11,US,2020-11-20 00:54:22
519,Ballina,-28.87,153.57,79.0,53,18,14.99,AU,2020-11-20 00:58:24
520,Rogers,36.37,-95.58,69.01,52,1,10.29,US,2020-11-20 00:58:24
521,Flinders,-34.58,150.86,93.0,55,0,9.17,AU,2020-11-20 00:58:25
522,Port Hardy,50.7,-127.42,44.6,93,75,4.7,CA,2020-11-20 00:58:25
523,Batemans Bay,-35.72,150.18,89.01,51,0,5.01,AU,2020-11-20 00:58:25
524,Senador Jose Porfirio,-2.59,-51.95,74.55,94,100,2.37,BR,2020-11-20 00:58:25
525,Grand Gaube,-20.01,57.66,71.01,83,53,5.01,MU,2020-11-20 00:58:25
526,Port Lincoln,-34.73,135.87,64.02,65,100,13.24,AU,2020-11-20 00:58:25
527,Suining,30.51,105.57,59.85,64,80,4.9,CN,2020-11-20 00:58:25
528,Anloga,5.79,0.9,80.6,88,20,3.36,GH,2020-11-20 00:58:25
529,Sao Paulo De Olivenca,-3.38,-68.87,77.14,91,47,1.3,BR,2020-11-20 00:58:26
530,Niamey,13.51,2.11,75.2,29,0,3.36,NE,2020-11-20 00:58:26
531,Gigmoto,13.78,124.39,83.61,76,21,6.4,PH,2020-11-20 00:58:26
532,Port Blair,11.67,92.75,80.38,79,90,10.83,IN,2020-11-20 00:58:26
533,Wapakoneta,40.57,-84.19,57.99,35,1,23.04,US,2020-11-20 00:58:26
534,Goderich,43.75,-81.72,57.2,41,100,21.92,CA,2020-11-20 00:58:27
535,Batouri,4.43,14.37,70.12,68,100,2.26,CM,2020-11-20 00:58:27
536,College,64.86,-147.8,7.0,69,20,2.1,US,2020-11-20 00:58:27
537,Nago,26.59,127.98,77.0,83,40,6.93,JP,2020-11-20 00:58:28
538,Udachnyy,66.42,112.4,1.4,84,0,4.47,RU,2020-11-20 00:58:28
539,Plaster Rock,46.91,-67.39,24.8,68,90,8.05,CA,2020-11-20 00:58:29
540,Mount Isa,-20.73,139.5,91.4,21,0,12.75,AU,2020-11-20 00:53:38
541,Grants,35.15,-107.85,59.0,28,1,6.93,US,2020-11-20 00:58:29
542,Bubaque,11.28,-15.83,82.26,75,0,12.28,GW,2020-11-20 00:58:30
543,Marawi,8.0,124.29,82.0,76,82,4.0,PH,2020-11-20 00:58:30
544,Carutapera,-1.2,-46.02,77.97,86,99,4.29,BR,2020-11-20 00:58:30
545,Ariquemes,-9.91,-63.04,73.83,97,100,4.34,BR,2020-11-20 00:54:42
546,Roxana,10.28,-83.75,69.8,94,75,2.24,CR,2020-11-20 00:58:30
547,Tevaitoa,-16.78,-151.5,80.94,73,100,9.15,PF,2020-11-20 00:58:30
